Brand,Selling Price,MRP,Discount,Ratings,No_of_ratings,RAM,ROM,Display_Size,Battery,Full_HD_or_HD,Camera
SAMSUNG,11999,14999,20% off,4.4,1019585654.0,4.0,64.0,16.76,6000.0,Full HD,50.0
REDMI,7099,9999,29% off,4.3,19537711204.0,4.0,64.0,16.59,5000.0,HD,13.0
POCO,7499,11999,37% off,4.3,17354210798.0,4.0,64.0,16.59,5000.0,HD,13.0
I Kall,5999,6299,4% off,3.2,33435.0,4.0,32.0,15.9,4000.0,,13.0
POCO,7499,11999,37% off,4.3,17354210798.0,4.0,64.0,16.59,5000.0,HD,13.0
REDMI,7099,9999,29% off,4.3,19537711204.0,4.0,64.0,16.59,5000.0,HD,13.0
REDMI,9499,14999,36% off,4.3,15519010183.0,4.0,64.0,17.02,6000.0,HD,50.0
POCO,11999,19999,40% off,4.3,12122111100.0,6.0,128.0,16.33,5000.0,Full HD,64.0
POCO,10999,17999,38% off,4.3,12122111100.0,6.0,64.0,16.33,5000.0,Full HD,64.0
POCO,10999,17999,38% off,4.3,12122111100.0,6.0,64.0,16.33,5000.0,Full HD,64.0
MOTOROLA,14999,21999,31% off,4.2,13035513236.0,6.0,128.0,17.22,6000.0,Full HD,108.0
realme,5749,8499,32% off,4.3,596303026.0,2.0,32.0,16.51,5000.0,HD,8.0
REDMI,9499,14999,36% off,4.3,15519010183.0,4.0,64.0,17.02,6000.0,HD,50.0
POCO,11999,19999,40% off,4.3,12122111100.0,6.0,128.0,16.33,5000.0,Full HD,64.0
MOTOROLA,7999,10999,27% off,4.1,499224968.0,4.0,64.0,16.51,5000.0,HD,48.0
REDMI,7099,9999,29% off,4.3,19537711204.0,4.0,64.0,16.59,5000.0,HD,13.0
SAMSUNG,11999,14999,20% off,4.4,1019585654.0,4.0,64.0,16.76,6000.0,Full HD,50.0
realme,5749,8499,32% off,4.3,596303026.0,2.0,32.0,16.51,5000.0,HD,8.0
MOTOROLA,12999,19999,35% off,4.2,181132334.0,6.0,128.0,16.76,5000.0,Full HD,50.0
realme,5749,8499,32% off,4.3,596303026.0,2.0,32.0,16.51,5000.0,HD,8.0
POCO,6499,10999,40% off,4.3,1175087240.0,3.0,32.0,16.59,5000.0,HD,13.0
POCO,6499,10999,40% off,4.3,1175087240.0,3.0,32.0,16.59,5000.0,HD,13.0
realme,6749,9299,27% off,4.1,302461977.0,3.0,32.0,16.51,5000.0,HD,8.0
MOTOROLA,7999,10999,27% off,4.1,499224968.0,4.0,64.0,16.51,5000.0,HD,48.0
SAMSUNG,16999,23999,29% off,4.3,13128310694.0,6.0,128.0,16.76,5000.0,Full HD,50.0
MOTOROLA,9999,16999,41% off,4.2,117421142.0,4.0,64.0,16.64,5000.0,Full HD,50.0
APPLE,37999,59900,36% off,4.5,1208539681.0,,64.0,13.72,,HD,12.0
POCO,11999,19999,40% off,4.3,12122111100.0,6.0,128.0,16.33,5000.0,Full HD,64.0
Infinix,5599,8999,37% off,4.4,12975659.0,2.0,32.0,16.76,5000.0,HD,8.0
POCO,10999,17999,38% off,4.3,12122111100.0,6.0,64.0,16.33,5000.0,Full HD,64.0
SAMSUNG,11999,14999,20% off,4.4,1019585654.0,4.0,64.0,16.76,6000.0,Full HD,50.0
APPLE,43999,48900,10% off,4.6,17395610293.0,,128.0,15.49,,HD,12.0
SAMSUNG,11499,14999,23% off,4.3,1000539621.0,4.0,64.0,16.26,6000.0,HD,48.0
SAMSUNG,16999,23999,29% off,4.3,13128310694.0,6.0,128.0,16.76,5000.0,Full HD,50.0
realme,11499,16999,32% off,4.5,1091106387.0,4.0,128.0,16.76,5000.0,Full HD,50.0
realme,11499,16999,32% off,4.5,1091106387.0,4.0,128.0,16.76,5000.0,Full HD,50.0
MOTOROLA,12999,19999,35% off,4.2,181132334.0,6.0,128.0,16.76,5000.0,Full HD,50.0
POCO,12999,18999,31% off,4.1,208701717.0,6.0,128.0,16.71,5000.0,Full HD,50.0
realme,8799,10999,20% off,4.5,446811760.0,3.0,32.0,16.56,5000.0,HD,13.0
realme,8799,10999,20% off,4.5,446811760.0,3.0,32.0,16.56,5000.0,HD,13.0
realme,14999,20999,28% off,4.4,505453566.0,6.0,128.0,16.26,5000.0,Full HD,108.0
realme,18999,20999,9% off,4.8,51.0,6.0,128.0,17.07,5000.0,Full HD,108.0
realme,18999,20999,9% off,4.8,51.0,6.0,128.0,17.07,5000.0,Full HD,108.0
realme,13499,17999,25% off,4.5,247891479.0,6.0,128.0,16.76,5000.0,Full HD,50.0
realme,19999,22999,13% off,4.6,15324.0,8.0,128.0,17.07,5000.0,Full HD,108.0
realme,19999,22999,13% off,4.6,15324.0,8.0,128.0,17.07,5000.0,Full HD,108.0
realme,18999,20999,9% off,4.8,51.0,6.0,128.0,17.07,5000.0,Full HD,108.0
vivo,11999,16990,29% off,4.5,627243519.0,4.0,64.0,16.71,5000.0,Full HD,50.0
vivo,11999,16990,29% off,4.5,627243519.0,4.0,64.0,16.71,5000.0,Full HD,50.0
realme,9499,11999,20% off,4.4,540902572.0,4.0,64.0,16.56,5000.0,HD,13.0
realme,9499,11999,20% off,4.4,540902572.0,4.0,64.0,16.56,5000.0,HD,13.0
APPLE,62999,69900,9% off,4.7,1712619345.0,,128.0,15.49,,,12.0
vivo,14499,19990,27% off,4.5,704075104.0,4.0,128.0,16.36,5000.0,Full HD,50.0
vivo,14499,19990,27% off,4.5,704075104.0,4.0,128.0,16.36,5000.0,Full HD,50.0
vivo,14499,19990,27% off,4.5,704075104.0,4.0,128.0,16.36,5000.0,Full HD,50.0
vivo,12999,17990,27% off,4.5,627243519.0,4.0,128.0,16.71,5000.0,Full HD,50.0
vivo,12999,17990,27% off,4.5,627243519.0,4.0,128.0,16.71,5000.0,Full HD,50.0
realme,14999,20999,28% off,4.4,505453566.0,6.0,128.0,16.26,5000.0,Full HD,108.0
OPPO,14990,18999,21% off,4.4,886806417.0,6.0,128.0,16.74,5000.0,Full HD,50.0
vivo,15999,20990,23% off,4.4,411083208.0,6.0,128.0,16.36,5000.0,Full HD,50.0
vivo,14999,18990,21% off,4.4,3088188.0,6.0,128.0,16.71,5000.0,Full HD,50.0
Infinix,8599,12999,33% off,4.2,13046963.0,4.0,64.0,17.32,6000.0,HD,50.0
Infinix,8599,12999,33% off,4.2,13046963.0,4.0,64.0,17.32,6000.0,HD,50.0
Infinix,8599,12999,33% off,4.2,13046963.0,4.0,64.0,17.32,6000.0,HD,50.0
POCO,12999,16999,23% off,4.3,307322739.0,4.0,64.0,16.76,5000.0,Full HD,50.0
realme,8999,11999,25% off,4.4,15470625.0,3.0,32.0,16.51,5000.0,HD,50.0
realme,8999,11999,25% off,4.4,15470625.0,3.0,32.0,16.51,5000.0,HD,50.0
I Kall,1242,1274,2% off,3.3,1010170.0,,,6.1,2500.0,,3.0
realme,8999,11999,25% off,4.4,15470625.0,3.0,32.0,16.51,5000.0,HD,50.0
SAMSUNG,16999,23999,29% off,4.3,13128310694.0,6.0,128.0,16.76,5000.0,Full HD,50.0
realme,13499,17999,25% off,4.5,247891479.0,6.0,128.0,16.76,5000.0,Full HD,50.0
APPLE,37999,59900,36% off,4.5,1208539681.0,,64.0,13.72,,HD,12.0
SAMSUNG,13499,16999,20% off,4.3,636265869.0,6.0,128.0,16.26,6000.0,HD,48.0
APPLE,45999,48900,5% off,4.6,17395610293.0,,128.0,15.49,,HD,12.0
vivo,15999,20990,23% off,4.4,411083208.0,6.0,128.0,16.36,5000.0,Full HD,50.0
OPPO,19990,29990,33% off,4.3,211182179.0,8.0,128.0,16.33,4310.0,Full HD,48.0
realme,11999,13999,14% off,4.4,1560549226.0,4.0,64.0,16.76,5000.0,Full HD,50.0
OPPO,19990,29990,33% off,4.3,211182179.0,8.0,128.0,16.33,4310.0,Full HD,48.0
vivo,15990,19990,20% off,4.3,575444636.0,4.0,128.0,16.71,5000.0,Full HD,50.0
vivo,16990,20990,19% off,4.4,15216112373.0,6.0,128.0,16.71,5000.0,Full HD,50.0
POCO,12999,16999,23% off,4.3,307322739.0,4.0,64.0,16.76,5000.0,Full HD,50.0
realme,6499,9999,35% off,4.5,2977106.0,2.0,32.0,16.51,5000.0,HD,8.0
Infinix,8599,12999,33% off,4.2,13046963.0,4.0,64.0,17.32,6000.0,HD,50.0
realme,9999,12999,23% off,4.5,489952074.0,4.0,64.0,16.51,5000.0,HD,50.0
realme,9999,12999,23% off,4.5,489952074.0,4.0,64.0,16.51,5000.0,HD,50.0
realme,9999,12999,23% off,4.5,489952074.0,4.0,64.0,16.51,5000.0,HD,50.0
REDMI,11499,16999,32% off,4.3,248821515.0,6.0,64.0,16.33,5000.0,Full HD,64.0
MOTOROLA,12999,17999,27% off,4.1,158891981.0,4.0,64.0,17.27,5000.0,Full HD,50.0
Nokia,1299,1599,18% off,4.2,220571584.0,,,4.5,800.0,,0.0
MOTOROLA,14999,21999,31% off,4.0,2545438.0,6.0,128.0,16.64,5000.0,Full HD,108.0
vivo,15990,19990,20% off,4.3,575444636.0,4.0,128.0,16.71,5000.0,Full HD,50.0
Infinix,8499,11999,29% off,4.3,1051657797.0,4.0,64.0,17.32,6000.0,HD,13.0
Infinix,8499,11999,29% off,4.3,1051657797.0,4.0,64.0,17.32,6000.0,HD,13.0
Infinix,8499,11999,29% off,4.3,1051657797.0,4.0,64.0,17.32,6000.0,HD,13.0
APPLE,43999,64900,32% off,4.5,1208539681.0,,128.0,13.72,,HD,12.0
APPLE,45999,48900,5% off,4.6,17395610293.0,,128.0,15.49,,HD,12.0
REDMI,11499,16999,32% off,4.3,248821515.0,6.0,64.0,16.33,5000.0,Full HD,64.0
realme,6499,9999,35% off,4.5,2977106.0,2.0,32.0,16.51,5000.0,HD,8.0
POCO,14999,19999,25% off,4.2,379163442.0,6.0,128.0,16.76,5000.0,Full HD,50.0
realme,14999,18999,21% off,4.5,355882043.0,4.0,64.0,16.51,5000.0,Full HD,48.0
realme,14999,18999,21% off,4.5,355882043.0,4.0,64.0,16.51,5000.0,Full HD,48.0
realme,16499,20999,21% off,4.4,425732783.0,6.0,128.0,16.51,5000.0,Full HD,48.0
REDMI,11499,16999,32% off,4.3,248821515.0,6.0,64.0,16.33,5000.0,Full HD,64.0
REDMI,8388,8948,6% off,4.2,8396611.0,4.0,64.0,16.59,5000.0,HD,13.0
POCO,16999,23999,29% off,4.2,567855828.0,6.0,128.0,16.94,5000.0,Full HD,64.0
Infinix,9999,15999,37% off,4.2,208772116.0,4.0,64.0,17.02,5000.0,Full HD,50.0
SAMSUNG,15999,22999,30% off,4.2,308812512.0,4.0,128.0,16.76,5000.0,Full HD,50.0
vivo,14999,18990,21% off,4.4,3088188.0,6.0,128.0,16.71,5000.0,Full HD,50.0
Infinix,7599,9999,24% off,4.2,8795655.0,3.0,64.0,17.32,5000.0,HD,8.0
Infinix,11999,17999,33% off,4.2,23733.0,4.0,64.0,16.76,5000.0,Full HD,50.0
Infinix,11999,17999,33% off,4.2,23733.0,4.0,64.0,16.76,5000.0,Full HD,50.0
Infinix,11999,17999,33% off,4.2,23733.0,4.0,64.0,16.76,5000.0,Full HD,50.0
SAMSUNG,11499,14999,23% off,4.3,1000539621.0,4.0,64.0,16.26,6000.0,HD,48.0
POCO,10999,15999,31% off,4.2,425393504.0,4.0,64.0,16.71,5000.0,Full HD,50.0
SAMSUNG,10064,13999,28% off,4.2,1523101.0,4.0,64.0,16.76,6000.0,,50.0
realme,16499,20999,21% off,4.4,425732783.0,6.0,128.0,16.51,5000.0,Full HD,48.0
REDMI,6249,6330,1% off,4.2,111778.0,2.0,32.0,16.56,5000.0,,5.0
realme,14999,18999,21% off,4.5,355882043.0,4.0,64.0,16.51,5000.0,Full HD,48.0
REDMI,6122,7998,23% off,4.2,111778.0,2.0,32.0,16.56,5000.0,,5.0
Nokia,1459,1490,2% off,4.2,628634936.0,,,4.5,800.0,,
realme,16499,20999,21% off,4.4,425732783.0,6.0,128.0,16.51,5000.0,Full HD,48.0
realme,14999,18999,21% off,4.5,355882043.0,4.0,64.0,16.51,5000.0,Full HD,48.0
REDMI,11999,16999,29% off,4.2,205001543.0,6.0,128.0,17.02,6000.0,HD,50.0
REDMI,11499,16999,32% off,4.3,248821515.0,6.0,64.0,16.33,5000.0,Full HD,64.0
POCO,16999,23999,29% off,4.2,567855828.0,6.0,128.0,16.94,5000.0,Full HD,64.0
APPLE,62999,69900,9% off,4.7,1712619345.0,,128.0,15.49,,,12.0
REDMI,12999,16999,23% off,4.2,9142671.0,6.0,128.0,16.51,6000.0,Full HD,50.0
vivo,17999,23990,24% off,4.3,4881419.0,8.0,128.0,16.36,5000.0,Full HD,50.0
Infinix,8999,13999,35% off,4.3,473495074.0,4.0,64.0,17.22,5000.0,Full HD,50.0
realme,20249,26999,25% off,4.3,2118195.0,8.0,128.0,16.76,5000.0,Full HD,48.0
realme,20249,26999,25% off,4.3,2118195.0,8.0,128.0,16.76,5000.0,Full HD,48.0
Micromax,5999,9499,36% off,4.2,1592212.0,3.0,32.0,16.56,5000.0,HD,8.0
Micromax,5999,9499,36% off,4.2,1592212.0,3.0,32.0,16.56,5000.0,HD,8.0
vivo,19990,23990,16% off,4.3,142921240.0,8.0,128.0,16.71,5000.0,Full HD,50.0
vivo,16990,20990,19% off,4.4,15216112373.0,6.0,128.0,16.71,5000.0,Full HD,50.0
vivo,19990,23990,16% off,4.3,142921240.0,8.0,128.0,16.71,5000.0,Full HD,50.0
Infinix,6499,8999,27% off,4.3,261751783.0,2.0,64.0,16.76,5000.0,HD,8.0
Nokia,1449,1599,9% off,4.1,3994297.0,,,4.5,800.0,,0.0
realme,16499,20999,21% off,4.4,425732783.0,6.0,128.0,16.51,5000.0,Full HD,48.0
MOTOROLA,11999,17999,33% off,4.2,79461017.0,4.0,64.0,16.76,5000.0,Full HD,50.0
MOTOROLA,17999,24999,28% off,4.1,1613193.0,8.0,128.0,16.64,5000.0,Full HD,50.0
realme,11999,13999,14% off,4.4,1560549226.0,4.0,64.0,16.76,5000.0,Full HD,50.0
realme,12999,14999,13% off,4.4,1560549226.0,4.0,128.0,16.76,5000.0,Full HD,50.0
realme,13999,15999,12% off,4.2,12101799.0,6.0,128.0,16.76,5000.0,Full HD,50.0
MOTOROLA,11999,16999,29% off,4.1,119121290.0,6.0,128.0,16.26,5000.0,Full HD,50.0
REDMI,12999,16999,23% off,4.3,435563156.0,4.0,64.0,16.66,5000.0,Full HD,48.0
Realme,5249,8499,38% off,4.3,596303026.0,2.0,32.0,16.51,5000.0,HD,8.0
POCO,15999,22999,30% off,4.2,567855828.0,6.0,64.0,16.94,5000.0,Full HD,64.0
Realme,5249,8499,38% off,4.3,596303026.0,2.0,32.0,16.51,5000.0,HD,8.0
Infinix,7599,9999,24% off,4.2,8795655.0,3.0,64.0,17.32,5000.0,HD,8.0
Infinix,7599,9999,24% off,4.2,8795655.0,3.0,64.0,17.32,5000.0,HD,8.0
Nokia,1549,1899,18% off,4.1,5141359.0,,,4.5,1000.0,,0.0
Infinix,9999,15999,37% off,4.2,208772116.0,4.0,64.0,17.02,5000.0,Full HD,50.0
OPPO,16499,20999,21% off,4.4,10530739.0,6.0,128.0,16.66,5000.0,HD,48.0
SAMSUNG,12999,16999,23% off,4.4,1019585654.0,4.0,128.0,16.76,6000.0,Full HD,50.0
OPPO,17499,25999,32% off,4.4,498303774.0,8.0,128.0,16.66,5000.0,HD,48.0
OPPO,17499,25999,32% off,4.4,498303774.0,8.0,128.0,16.66,5000.0,HD,48.0
Infinix,6499,8999,27% off,4.3,261751783.0,2.0,64.0,16.76,5000.0,HD,8.0
Infinix,6499,8999,27% off,4.3,261751783.0,2.0,64.0,16.76,5000.0,HD,8.0
POCO,15999,22999,30% off,4.2,567855828.0,6.0,64.0,16.94,5000.0,Full HD,64.0
POCO,12999,18999,31% off,4.1,208701717.0,6.0,128.0,16.71,5000.0,Full HD,50.0
Infinix,9999,14999,33% off,4.3,473495074.0,4.0,128.0,17.22,5000.0,Full HD,50.0
Moto,16999,22999,26% off,4.2,211972465.0,6.0,128.0,16.26,5000.0,Full HD,50.0
REDMI,8248,8670,4% off,4.2,8396611.0,4.0,64.0,16.59,5000.0,HD,13.0
REDMI,8100,8349,2% off,4.2,8396611.0,4.0,64.0,16.59,5000.0,HD,13.0
POCO,24999,32999,24% off,4.3,112511607.0,6.0,128.0,16.94,4500.0,Full HD,64.0
POCO,14999,19999,25% off,4.2,379163442.0,6.0,128.0,16.76,5000.0,Full HD,50.0
MOTOROLA,10499,13999,25% off,4.2,312073654.0,4.0,64.0,16.26,5000.0,Full HD,50.0
Moto,16999,22999,26% off,4.2,211972465.0,6.0,128.0,16.26,5000.0,Full HD,50.0
Infinix,7499,12999,42% off,4.2,146111210.0,4.0,64.0,17.02,5000.0,Full HD,13.0
APPLE,40999,43900,6% off,4.6,17395610293.0,,64.0,15.49,,HD,12.0
Infinix,6499,8999,27% off,4.3,261751783.0,2.0,64.0,16.76,5000.0,HD,8.0
Realme,5249,8499,38% off,4.3,596303026.0,2.0,32.0,16.51,5000.0,HD,8.0
APPLE,69999,79900,12% off,4.7,1712619345.0,,256.0,15.49,,,12.0
REDMI,8496,8899,4% off,4.1,6487414.0,4.0,64.0,16.59,5000.0,,13.0
REDMI,7607,7722,1% off,4.1,143096.0,3.0,32.0,16.59,5000.0,,13.0
REDMI,8188,9200,11% off,4.1,6487414.0,4.0,64.0,16.59,5000.0,,13.0
Infinix,9499,13999,32% off,4.2,4949296.0,6.0,64.0,16.76,5000.0,HD,50.0
OPPO,16990,22999,26% off,4.3,4980423.0,8.0,128.0,16.74,5000.0,Full HD,50.0
realme,13999,15999,12% off,4.2,12101799.0,6.0,128.0,16.76,5000.0,Full HD,50.0
vivo,17999,23990,24% off,4.3,4881419.0,8.0,128.0,16.36,5000.0,Full HD,50.0
MOTOROLA,17999,24999,28% off,4.1,1613193.0,8.0,128.0,16.64,5000.0,Full HD,50.0
POCO,18999,25999,26% off,4.1,133771407.0,8.0,128.0,16.94,5000.0,Full HD,64.0
Infinix,11999,17999,33% off,4.2,108351056.0,6.0,128.0,17.02,5000.0,Full HD,50.0
Infinix,11999,17999,33% off,4.2,108351056.0,6.0,128.0,17.02,5000.0,Full HD,50.0
REDMI,12999,16999,23% off,4.3,435563156.0,4.0,64.0,16.66,5000.0,Full HD,48.0
Infinix,12999,19999,35% off,4.2,6620866.0,8.0,128.0,17.02,5000.0,Full HD,50.0
MOTOROLA,21499,25999,17% off,4.1,2817367.0,8.0,128.0,16.76,5000.0,Full HD,50.0
SAMSUNG,13499,16999,20% off,4.3,636265869.0,6.0,128.0,16.26,6000.0,HD,48.0
REDMI,7547,7675,1% off,4.1,68849.0,3.0,32.0,16.59,5000.0,,13.0
REDMI,8280,8990,7% off,4.1,4615298.0,4.0,64.0,16.59,5000.0,,13.0
APPLE,40999,43900,6% off,4.6,17395610293.0,,64.0,15.49,,HD,12.0
Infinix,11499,14999,23% off,4.3,380764596.0,4.0,64.0,17.02,5000.0,Full HD,50.0
REDMI,12999,16999,23% off,4.3,435563156.0,4.0,64.0,16.66,5000.0,Full HD,48.0
Infinix,11499,16999,32% off,4.2,100721197.0,6.0,128.0,17.02,5000.0,Full HD,50.0
POCO,13999,21999,36% off,4.3,118231035.0,8.0,128.0,16.33,5000.0,Full HD,64.0
Redmi,7181,7930,9% off,4.2,5722431.0,3.0,32.0,16.59,5000.0,HD,13.0
realme,7999,11999,33% off,4.3,2609145.0,4.0,64.0,16.51,5000.0,HD,8.0
MOTOROLA,9999,13999,28% off,3.7,257433103.0,4.0,64.0,16.51,5000.0,HD,50.0
Infinix,16199,24999,35% off,4.1,135581808.0,8.0,128.0,17.02,5000.0,Full HD,108.0
SAMSUNG,14225,15989,11% off,4.1,24716.0,6.0,128.0,16.51,5000.0,,50.0
vivo,23999,28990,17% off,4.3,7020676.0,6.0,128.0,16.36,4700.0,Full HD,64.0
MOTOROLA,14999,21999,31% off,4.0,2545438.0,6.0,128.0,16.64,5000.0,Full HD,108.0
LAVA,1212,1319,8% off,4.2,269632780.0,,,4.5,1750.0,,3.0
DIZO,1799,1999,10% off,4.0,119721437.0,,,7.11,1900.0,,3.0
Xiaomi,26999,33999,20% off,4.2,6278699.0,8.0,128.0,16.94,4500.0,Full HD,108.0
REDMI,14999,18999,21% off,4.2,301512337.0,6.0,128.0,16.66,5000.0,Full HD,48.0
REDMI,10499,12999,19% off,4.2,4326287.0,6.0,128.0,16.59,5000.0,HD,13.0
MOTOROLA,24999,34999,28% off,4.1,3232488.0,8.0,128.0,16.64,4020.0,Full HD,50.0
Infinix,9999,14999,33% off,4.3,473495074.0,4.0,128.0,17.22,5000.0,Full HD,50.0
OPPO,15490,20990,26% off,4.3,214501580.0,6.0,128.0,16.33,5000.0,Full HD,48.0
Infinix,16199,24999,35% off,4.1,135581808.0,8.0,128.0,17.02,5000.0,Full HD,108.0
Xiaomi,26999,33999,20% off,4.2,6278699.0,8.0,128.0,16.94,4500.0,Full HD,108.0
Itel,899,915,1% off,4.1,30317.0,,,4.57,1000.0,,0.0
realme,17249,24999,31% off,4.4,244572026.0,6.0,128.0,16.76,5000.0,Full HD,48.0
Infinix,13999,19999,30% off,4.2,98461154.0,6.0,64.0,17.02,5000.0,Full HD,50.0
Infinix,13999,19999,30% off,4.2,98461154.0,6.0,64.0,17.02,5000.0,Full HD,50.0
POCO,18999,25999,26% off,4.1,133771407.0,8.0,128.0,16.94,5000.0,Full HD,64.0
REDMI,12999,16999,23% off,4.4,820355584.0,6.0,64.0,16.33,5000.0,Full HD,64.0
Infinix,8999,11999,25% off,4.4,15920.0,4.0,64.0,17.32,6000.0,HD,8.0
Infinix,8999,11999,25% off,4.4,15920.0,4.0,64.0,17.32,6000.0,HD,8.0
Infinix,8999,11999,25% off,4.4,15920.0,4.0,64.0,17.32,6000.0,HD,8.0
Infinix,8999,11999,25% off,4.4,15920.0,4.0,64.0,17.32,6000.0,HD,8.0
APPLE,37999,59900,36% off,4.5,1208539681.0,,64.0,13.72,,HD,12.0
Redmi,13930,14359,2% off,4.2,8681690.0,6.0,64.0,16.33,5000.0,,50.0
Redmi,14294,19999,28% off,4.2,8681690.0,6.0,128.0,16.33,5000.0,,50.0
LAVA,1199,1340,10% off,4.0,2013157.0,,,4.5,800.0,,3.0
realme,7499,7999,6% off,4.4,23291010157.0,2.0,32.0,16.51,5000.0,HD,8.0
realme,7499,7999,6% off,4.4,23291010157.0,2.0,32.0,16.51,5000.0,HD,8.0
vivo,9499,13990,32% off,4.3,3320244.0,3.0,32.0,16.54,5000.0,HD,13.0
REDMI,8095,8678,6% off,4.1,4615298.0,4.0,64.0,16.59,5000.0,,13.0
Tecno,8999,10290,12% off,4.2,30231.0,4.0,64.0,16.76,5000.0,HD,50.0
SAMSUNG,1850,1950,5% off,4.3,19547118271.0,,,5.08,800.0,,0.0
Nothing,29499,39999,26% off,4.3,364074965.0,8.0,256.0,16.64,4500.0,Full HD,50.0
REDMI,22890,24989,8% off,4.2,775118.0,6.0,128.0,16.76,5080.0,,64.0
MOTOROLA,10499,13999,25% off,4.2,312073654.0,4.0,64.0,16.26,5000.0,Full HD,50.0
MOTOROLA,10999,16999,35% off,4.1,2443322.0,4.0,64.0,16.43,5000.0,Full HD,50.0
SAMSUNG,1299,1410,7% off,4.3,337722915.0,,,3.81,800.0,,
REDMI,7989,10999,27% off,4.1,143096.0,3.0,32.0,16.59,5000.0,,13.0
vivo,24999,30990,19% off,4.3,139981501.0,8.0,128.0,16.36,4700.0,Full HD,64.0
Redmi,7019,7889,11% off,4.2,5722431.0,3.0,32.0,16.59,5000.0,HD,13.0
Google,29999,43999,31% off,4.3,204242638.0,6.0,128.0,15.6,4410.0,Full HD,2.0
Google,29999,43999,31% off,4.3,204242638.0,6.0,128.0,15.6,4410.0,Full HD,2.0
Kechaoda,1199,1249,4% off,4.1,284332208.0,,,3.66,1000.0,,3.0
APPLE,43999,64900,32% off,4.5,1208539681.0,,128.0,13.72,,HD,12.0
REDMI,12999,16999,23% off,4.4,820355584.0,6.0,64.0,16.33,5000.0,Full HD,64.0
POCO,26999,34999,22% off,4.3,4074566.0,8.0,128.0,16.94,4500.0,Full HD,64.0
Kechaoda,1608,1799,10% off,4.0,188632012.0,,,6.1,3600.0,,3.0
POCO,12499,15999,21% off,4.3,2557193.0,4.0,64.0,16.71,5000.0,Full HD,50.0
Itel,1499,1559,3% off,4.1,1639158.0,,,6.1,2500.0,,3.0
REDMI,10499,12999,19% off,4.2,4326287.0,6.0,128.0,16.59,5000.0,HD,13.0
realme,18999,21999,13% off,4.4,772976550.0,6.0,128.0,16.76,5000.0,Full HD,64.0
LAVA,1999,2048,2% off,4.2,1336110.0,,,6.1,1200.0,,8.0
SAMSUNG,25999,32990,21% off,4.1,1368141.0,6.0,128.0,16.26,5000.0,Full HD,48.0
Nothing,33499,42999,22% off,4.3,5601644.0,12.0,256.0,16.64,4500.0,Full HD,50.0
Micromax,1259,1325,4% off,3.9,1630120.0,,,6.1,1450.0,,3.0
SAMSUNG,10295,10699,3% off,4.2,1523101.0,4.0,64.0,16.76,6000.0,,50.0
REDMI,8228,9200,10% off,4.1,6487414.0,4.0,64.0,16.59,5000.0,,13.0
Infinix,12999,19999,35% off,4.2,6620866.0,8.0,128.0,17.02,5000.0,Full HD,50.0
vivo,9999,12999,23% off,4.2,50234.0,3.0,32.0,16.54,5000.0,HD,13.0
Itel,1069,1149,6% off,4.1,3468319.0,,,4.57,1000.0,,3.0
Xiaomi,26999,31999,15% off,4.2,200662544.0,8.0,128.0,16.94,5160.0,Full HD,108.0
Nokia,2728,2788,2% off,4.1,198601569.0,,,6.1,1020.0,,3.0
POCO,12499,15999,21% off,4.3,2557193.0,4.0,64.0,16.71,5000.0,Full HD,50.0
realme,8999,9999,10% off,4.3,20412311085.0,4.0,64.0,16.51,5000.0,HD,8.0
APPLE,40999,43900,6% off,4.6,17395610293.0,,64.0,15.49,,HD,12.0
GREENBERRI,1299,1499,13% off,3.9,1414102.0,,,4.57,1050.0,,2.0
REDMI,19554,20459,4% off,4.1,59741.0,8.0,128.0,16.94,5000.0,,108.0
REDMI,12990,13315,2% off,4.3,2082166.0,4.0,64.0,16.94,5020.0,,48.0
Kechaoda,1299,1399,7% off,3.9,55632.0,,,4.57,400.0,,3.0
realme,24999,27999,10% off,4.4,302293700.0,6.0,128.0,16.26,4500.0,Full HD,50.0
vivo,13499,17990,24% off,4.3,1913156.0,4.0,64.0,16.54,5000.0,HD,13.0
APPLE,62999,69900,9% off,4.7,1712619345.0,,128.0,15.49,,,12.0
APPLE,83999,99900,15% off,4.7,1712619345.0,,512.0,15.49,,,12.0
Kechaoda,1099,1190,7% off,4.1,139111005.0,,,1.68,800.0,,
APPLE,83999,99900,15% off,4.7,1712619345.0,,512.0,15.49,,,12.0
APPLE,69999,79900,12% off,4.7,1712619345.0,,256.0,15.49,,,12.0
SAMSUNG,39999,74999,46% off,4.3,275602832.0,8.0,128.0,16.26,4500.0,Full HD,12.0
APPLE,83999,99900,15% off,4.7,1712619345.0,,512.0,15.49,,,12.0
APPLE,78740,79900,1% off,4.6,77357.0,,128.0,15.49,,,12.0
vivo,14499,17990,19% off,4.3,37726.0,4.0,64.0,16.64,5000.0,HD,50.0
vivo,20999,25990,19% off,4.2,1356117.0,8.0,128.0,16.36,4050.0,Full HD,50.0
Tecno,11220,11349,1% off,4.2,20513.0,4.0,64.0,17.53,7000.0,Full HD,50.0
MOTOROLA,24999,34999,28% off,4.1,3232488.0,8.0,128.0,16.64,4020.0,Full HD,50.0
SAMSUNG,16987,17999,5% off,4.2,6740581.0,6.0,128.0,16.74,6000.0,,50.0
OPPO,29999,38999,23% off,4.3,307844052.0,8.0,128.0,16.33,4500.0,Full HD,50.0
OPPO,29999,38999,23% off,4.3,307844052.0,8.0,128.0,16.33,4500.0,Full HD,50.0
REDMI,10499,12999,19% off,4.2,4326287.0,6.0,128.0,16.59,5000.0,HD,13.0
APPLE,40999,43900,6% off,4.6,17395610293.0,,64.0,15.49,,HD,12.0
MOTOROLA,22999,30999,25% off,4.1,5903861.0,6.0,128.0,16.64,4020.0,Full HD,50.0
realme,7499,7999,6% off,4.4,29568914065.0,2.0,32.0,16.51,5000.0,HD,8.0
APPLE,45999,48900,5% off,4.6,17395610293.0,,128.0,15.49,,HD,12.0
Infinix,6699,7999,16% off,4.3,781605368.0,2.0,32.0,16.56,5000.0,HD,8.0
Infinix,6699,7999,16% off,4.3,781605368.0,2.0,32.0,16.56,5000.0,HD,8.0
Infinix,11499,14999,23% off,4.3,380764596.0,4.0,64.0,17.02,5000.0,Full HD,50.0
Tecno,14970,15280,2% off,4.2,14516.0,6.0,128.0,17.27,5000.0,Full HD,64.0
REDMI,12999,16999,23% off,4.4,820355584.0,6.0,64.0,16.33,5000.0,Full HD,64.0
Micromax,6999,11999,41% off,3.9,4155652.0,6.0,64.0,16.56,5000.0,HD,13.0
SAMSUNG,12449,13699,9% off,4.2,4083412.0,4.0,64.0,16.26,6000.0,,64.0
Micromax,1180,1199,1% off,3.9,9676881.0,,,4.5,1750.0,,3.0
Micromax,1199,1299,7% off,3.9,9676881.0,,,4.5,1750.0,,3.0
MOTOROLA,10999,16999,35% off,4.1,2443322.0,4.0,64.0,16.43,5000.0,Full HD,50.0
SAMSUNG,12999,16999,23% off,4.4,1019585654.0,4.0,128.0,16.76,6000.0,Full HD,50.0
MTR,1300,1390,6% off,4.1,6185450.0,,,4.5,800.0,,3.0
vivo,18499,22999,19% off,4.4,101771.0,8.0,128.0,16.71,5000.0,Full HD,50.0
Itel,2199,2389,7% off,3.9,179502626.0,,,6.1,1900.0,,3.0
REDMI,15840,16999,6% off,4.2,79880.0,8.0,128.0,16.33,5000.0,,108.0
REDMI,15990,16345,2% off,4.2,79880.0,8.0,128.0,16.33,5000.0,,108.0
SAMSUNG,2250,2340,3% off,4.3,233752400.0,,,5.16,1000.0,,3.0
realme,20999,23999,12% off,4.3,135891091.0,8.0,128.0,16.76,5000.0,Full HD,64.0
Itel,999,1099,9% off,4.1,125151041.0,,,4.57,1000.0,,
realme,15499,17999,13% off,4.4,6765500.0,6.0,128.0,16.76,5000.0,Full HD,50.0
realme,12999,15999,18% off,4.5,14521923.0,4.0,64.0,16.76,5000.0,Full HD,50.0
Infinix,6699,7999,16% off,4.3,781605368.0,2.0,32.0,16.56,5000.0,HD,8.0
APPLE,40999,43900,6% off,4.6,17395610293.0,,64.0,15.49,,HD,12.0
realme,12999,15999,18% off,4.5,14521923.0,4.0,64.0,16.76,5000.0,Full HD,50.0
OPPO,17999,22999,21% off,4.5,639.0,8.0,128.0,16.66,5000.0,HD,50.0
realme,11499,12999,11% off,4.4,33731522042.0,4.0,64.0,16.51,6000.0,HD,50.0
realme,11499,12999,11% off,4.4,33731522042.0,4.0,64.0,16.51,6000.0,HD,50.0
realme,38999,44999,13% off,4.3,1109150.0,12.0,256.0,16.81,5000.0,Full HD,50.0
realme,38999,44999,13% off,4.3,1109150.0,12.0,256.0,16.81,5000.0,Full HD,50.0
Micromax,927,980,5% off,3.7,21811.0,,,4.5,800.0,,
SAMSUNG,59999,101999,41% off,4.5,1788209.0,8.0,128.0,16.76,4500.0,Full HD,50.0
Nothing,27499,37999,27% off,4.3,364074965.0,8.0,128.0,16.64,4500.0,Full HD,50.0
BlackZone,1449,1470,1% off,4.0,7718501.0,,,3.66,1000.0,,3.0
Infinix,11499,15999,28% off,4.0,3594317.0,8.0,128.0,16.76,5000.0,HD,50.0
Infinix,9499,13999,32% off,4.2,4949296.0,6.0,64.0,16.76,5000.0,HD,50.0
Nothing,30499,39999,23% off,4.3,364074965.0,8.0,256.0,16.64,4500.0,Full HD,50.0
SAMSUNG,19999,25490,21% off,4.3,40528.0,8.0,128.0,16.76,5000.0,Full HD,50.0
vivo,14499,17990,19% off,4.3,37726.0,4.0,64.0,16.64,5000.0,HD,50.0
Nothing,33499,42999,22% off,4.3,5601644.0,12.0,256.0,16.64,4500.0,Full HD,50.0
REDMI,8999,9999,10% off,4.3,57542033976.0,4.0,64.0,16.59,5000.0,HD,13.0
Infinix,8999,11999,25% off,4.3,159211369.0,4.0,64.0,16.76,5200.0,Full HD,13.0
Micromax,944,992,4% off,3.9,714.0,,,4.5,800.0,,
Tecno,6697,6778,1% off,4.2,312.0,2.0,32.0,16.66,5000.0,HD,8.0
IQOO,30990,33999,8% off,4.1,14015.0,8.0,128.0,16.81,4500.0,,48.0
realme,8999,9999,10% off,4.3,20412311085.0,4.0,64.0,16.51,5000.0,HD,8.0
APPLE,78740,79900,1% off,4.6,77357.0,,128.0,15.49,,,12.0
vivo,12499,15999,21% off,4.3,52036.0,4.0,64.0,16.54,5000.0,HD,13.0
APPLE,69999,74900,6% off,4.6,18538112652.0,,256.0,15.49,,HD,12.0
SAMSUNG,8999,13499,33% off,4.0,31827.0,3.0,32.0,16.51,5000.0,HD,13.0
Redmi,6625,6858,3% off,4.1,238001827.0,2.0,32.0,16.59,5000.0,HD,13.0
Redmi,6639,6797,2% off,4.1,238001827.0,2.0,32.0,16.59,5000.0,HD,13.0
Kechaoda,1149,1199,4% off,4.1,284332208.0,,,3.66,850.0,,3.0
REDMI,19695,22285,11% off,4.1,59741.0,8.0,128.0,16.94,5000.0,,108.0
REDMI,18098,20998,13% off,4.2,91876.0,6.0,128.0,16.94,5000.0,,108.0
MTR,1300,1340,2% off,4.1,6185450.0,,,4.5,800.0,,3.0
Lava,1521,2200,30% off,4.1,44443.0,,,6.1,1800.0,,3.0
MOTOROLA,9499,11999,20% off,4.1,10914.0,4.0,64.0,16.51,5000.0,HD,50.0
SAMSUNG,16449,16789,2% off,4.2,6740581.0,6.0,128.0,16.76,6000.0,,50.0
SAMSUNG,19717,25990,24% off,4.2,65747.0,8.0,128.0,16.76,6000.0,,50.0
realme,12499,13999,10% off,4.4,33731522042.0,4.0,128.0,16.51,6000.0,HD,50.0
APPLE,78740,79900,1% off,4.6,77357.0,,128.0,15.49,,,12.0
REDMI,19999,22999,13% off,4.3,161111203.0,6.0,128.0,16.94,5020.0,Full HD,108.0
SAMSUNG,39999,74999,46% off,4.3,275602832.0,8.0,128.0,16.26,4500.0,Full HD,12.0
OPPO,45999,52999,13% off,4.8,61.0,12.0,256.0,17.02,4500.0,Full HD,50.0
realme,16999,19999,15% off,4.3,4605335.0,6.0,128.0,16.76,5000.0,Full HD,50.0
realme,17999,20999,14% off,4.4,761256177.0,6.0,128.0,16.51,5000.0,Full HD,64.0
Micromax,945,968,2% off,3.7,21811.0,,,4.5,800.0,,
Micromax,1250,1265,1% off,3.9,1630120.0,,,6.1,1450.0,,3.0
APPLE,88199,119900,26% off,4.5,118686.0,,256.0,15.49,,,12.0
Itel,5990,6990,14% off,4.1,23118.0,2.0,32.0,15.46,4000.0,HD,8.0
SAMSUNG,10499,12999,19% off,4.3,29679023488.0,4.0,64.0,16.55,6000.0,HD,48.0
MOTOROLA,9499,11999,20% off,4.1,10914.0,4.0,64.0,16.51,5000.0,HD,50.0
realme,16999,17999,5% off,4.3,839367326.0,6.0,128.0,16.51,5000.0,Full HD,48.0
realme,7499,7999,6% off,4.5,1208134809.0,2.0,32.0,16.51,5000.0,,8.0
SAMSUNG,33499,39990,16% off,4.1,1201139.0,8.0,128.0,16.51,5000.0,Full HD,64.0
MOTOROLA,59999,74999,20% off,4.3,14439.0,12.0,256.0,16.94,4610.0,Full HD,200.0
Kechaoda,1395,1449,3% off,4.0,1293135.0,,,5.59,2000.0,,3.0
SAMSUNG,59999,101999,41% off,4.5,1788209.0,8.0,128.0,16.76,4500.0,Full HD,50.0
SAMSUNG,41999,47490,11% off,4.2,1204162.0,8.0,128.0,17.02,5000.0,Full HD,108.0
SAMSUNG,31999,38990,17% off,4.0,53762.0,6.0,128.0,16.51,5000.0,Full HD,64.0
REDMI,7499,9999,25% off,4.2,48437.0,2.0,32.0,16.56,5000.0,HD,8.0
Nokia,9999,10898,8% off,3.7,8815.0,4.0,64.0,16.69,5050.0,HD,13.0
Redmi,6989,7420,5% off,4.3,213231276.0,2.0,32.0,16.59,5000.0,Full HD,13.0
Redmi,6749,7145,5% off,4.3,213231276.0,2.0,32.0,16.59,5000.0,Full HD,13.0
Kechaoda,1204,1399,13% off,3.9,152221186.0,,,4.57,400.0,,3.0
vivo,23999,28990,17% off,4.3,7020676.0,6.0,128.0,16.36,4700.0,Full HD,64.0
OnePlus,36990,38999,5% off,4.3,1284115.0,8.0,128.0,17.02,5000.0,,50.0
SAMSUNG,18499,23990,22% off,4.2,68146.0,6.0,128.0,16.76,5000.0,Full HD,50.0
realme,19999,22999,13% off,4.4,534034786.0,8.0,128.0,16.51,5000.0,Full HD,64.0
POCO,9999,11999,16% off,4.3,666094596.0,4.0,64.0,16.59,5000.0,Full HD,13.0
SAMSUNG,39999,74999,46% off,4.3,275602832.0,8.0,128.0,16.26,4500.0,Full HD,12.0
MOTOROLA,14999,21999,31% off,4.2,13035513236.0,6.0,128.0,17.22,6000.0,Full HD,108.0
Xiaomi,23579,24298,2% off,4.2,1480164.0,8.0,128.0,16.64,4250.0,Full HD,64.0
vivo,21990,25990,15% off,4.3,1176103.0,8.0,128.0,16.71,5000.0,Full HD,50.0
SAMSUNG,7450,7950,6% off,4.0,2374218.0,2.0,32.0,16.51,5000.0,HD,8.0
realme,7499,7999,6% off,4.5,1208134809.0,2.0,32.0,16.51,5000.0,,8.0
OPPO,10285,11389,9% off,4.3,5400296.0,4.0,64.0,16.56,4230.0,,13.0
OPPO,12990,15990,18% off,4.3,3623258.0,4.0,64.0,16.56,5000.0,HD,13.0
realme,16999,17999,5% off,4.3,839367326.0,6.0,128.0,16.51,5000.0,Full HD,48.0
REDMI,12999,16999,23% off,4.4,820355584.0,6.0,64.0,16.33,5000.0,Full HD,64.0
realme,28999,31999,9% off,4.4,264573017.0,8.0,256.0,16.26,4500.0,Full HD,50.0
realme,24999,27999,10% off,4.4,302293700.0,6.0,128.0,16.26,4500.0,Full HD,50.0
realme,24999,27999,10% off,4.4,302293700.0,6.0,128.0,16.26,4500.0,Full HD,50.0
realme,26999,29999,10% off,4.4,264573017.0,8.0,128.0,16.26,4500.0,Full HD,50.0
APPLE,98490,99900,1% off,4.5,27235.0,,256.0,17.02,,,12.0
realme,15499,16999,8% off,4.3,759936032.0,6.0,128.0,16.51,5000.0,Full HD,48.0
realme,15499,16999,8% off,4.3,759936032.0,6.0,128.0,16.51,5000.0,Full HD,48.0
realme,14499,15999,9% off,4.3,759936032.0,6.0,64.0,16.51,5000.0,Full HD,48.0
Micromax,1390,1499,7% off,4.1,131.0,,,6.1,1450.0,,3.0
LAVA,7799,8449,7% off,4.1,29556.0,2.0,32.0,17.78,6000.0,HD,13.0
vivo,25990,28990,10% off,4.2,1766164.0,8.0,128.0,16.36,4050.0,Full HD,50.0
MOTOROLA,14999,21999,31% off,4.2,13035513236.0,6.0,128.0,17.22,6000.0,Full HD,108.0
SAMSUNG,10499,12999,19% off,4.3,29679023488.0,4.0,64.0,16.55,6000.0,HD,48.0
SAMSUNG,10990,12900,14% off,4.2,164601207.0,4.0,64.0,16.51,6000.0,,48.0
Micromax,1190,1220,2% off,3.6,20514.0,,,6.1,1000.0,,3.0
realme,10999,12999,15% off,4.4,1376665919.0,4.0,64.0,16.51,5000.0,HD,50.0
realme,17999,20999,14% off,4.4,761256177.0,6.0,128.0,16.51,5000.0,Full HD,64.0
realme,11999,13999,14% off,4.5,460082202.0,4.0,128.0,16.51,5000.0,HD,50.0
SAMSUNG,16499,20990,21% off,4.1,24018.0,6.0,128.0,16.76,5000.0,Full HD,50.0
SAMSUNG,15499,19990,22% off,4.1,60945.0,4.0,128.0,16.76,5000.0,Full HD,50.0
Nokia,1758,1863,5% off,3.9,41622.0,,,4.5,800.0,,1.0
vivo,16499,19990,17% off,4.3,30222.0,6.0,128.0,16.64,5000.0,HD,50.0
vivo,15499,19990,22% off,4.4,1497107.0,4.0,128.0,16.71,5000.0,Full HD,50.0
Redmi,14880,15869,6% off,4.2,8681690.0,6.0,128.0,16.33,5000.0,,50.0
POCO,11999,17999,33% off,4.4,35011633256.0,6.0,64.0,16.94,5000.0,Full HD,48.0
Itel,1306,1369,4% off,4.0,102599.0,,,6.1,1200.0,,2.0
POCO,16999,21999,22% off,4.2,6848615.0,8.0,128.0,16.76,5000.0,Full HD,50.0
Itel,1249,1299,3% off,4.1,31833.0,,,4.57,1900.0,,3.0
APPLE,83999,99900,15% off,4.7,1712619345.0,,512.0,15.49,,,12.0
REDMI,14999,18999,21% off,4.2,301512337.0,6.0,128.0,16.66,5000.0,Full HD,48.0
realme,12499,13999,10% off,4.4,33731522042.0,4.0,128.0,16.51,6000.0,HD,50.0
APPLE,88740,89900,1% off,4.6,77357.0,,256.0,15.49,,,12.0
Snexian,999,1099,9% off,3.4,282.0,,,3.66,800.0,,3.0
Micromax,1330,1415,6% off,3.8,4753422.0,,,7.11,1000.0,,1.0
LAVA,1410,1590,11% off,4.1,123061168.0,,,6.1,1000.0,,3.0
SAMSUNG,25999,32990,21% off,4.1,1368141.0,6.0,128.0,16.26,5000.0,Full HD,48.0
Infinix,11999,16999,29% off,4.3,116911549.0,6.0,64.0,17.65,5000.0,Full HD,50.0
Redmi,23789,24990,4% off,4.2,2392223.0,8.0,256.0,16.94,5000.0,,108.0
APPLE,78740,79900,1% off,4.6,77357.0,,128.0,15.49,,,12.0
Xiaomi,22490,22920,1% off,4.2,3189361.0,6.0,128.0,16.64,4250.0,Full HD,64.0
Itel,1599,2099,23% off,4.1,71464.0,,,7.11,1500.0,,3.0
APPLE,52999,74900,29% off,4.5,1208539681.0,,256.0,13.72,,HD,12.0
Kechaoda,1119,1149,2% off,4.0,8171553.0,,,3.56,800.0,,3.0
Infinix,17999,24999,28% off,4.2,95011467.0,8.0,128.0,17.22,5000.0,Full HD,48.0
Infinix,17999,24999,28% off,4.2,95011467.0,8.0,128.0,17.22,5000.0,Full HD,48.0
APPLE,69999,79900,12% off,4.7,1712619345.0,,256.0,15.49,,,12.0
vivo,38990,41990,7% off,4.3,3719409.0,8.0,128.0,16.66,4300.0,Full HD,108.0
REDMI,17999,19999,10% off,4.3,412203868.0,6.0,128.0,16.94,5020.0,Full HD,64.0
OPPO,9990,10990,9% off,4.4,749264503.0,3.0,32.0,15.8,4230.0,HD,13.0
MOTOROLA,59999,74999,20% off,4.3,14439.0,12.0,256.0,16.94,4610.0,Full HD,200.0
OPPO,25999,37990,31% off,4.2,161912106.0,8.0,256.0,16.33,4500.0,Full HD,64.0
realme,28999,31999,9% off,4.4,264573017.0,8.0,256.0,16.26,4500.0,Full HD,50.0
realme,28999,31999,9% off,4.4,264573017.0,8.0,256.0,16.26,4500.0,Full HD,50.0
SAMSUNG,33499,39990,16% off,4.1,1201139.0,8.0,128.0,16.51,5000.0,Full HD,64.0
POCO,14499,18999,23% off,4.3,122484.0,6.0,128.0,16.71,5000.0,Full HD,50.0
realme,13499,14999,10% off,4.4,1058788944.0,4.0,64.0,16.51,5000.0,Full HD,48.0
REDMI,11499,13999,17% off,4.3,24142217048.0,4.0,64.0,16.59,6000.0,Full HD,48.0
OPPO,13999,16990,17% off,4.4,191299.0,4.0,64.0,16.66,5000.0,HD,13.0
Lvix,1249,1299,3% off,3.7,90.0,,,7.11,3000.0,,3.0
POCO,28999,32999,12% off,4.3,4675758.0,6.0,128.0,16.94,5065.0,Full HD,64.0
POCO,9999,11999,16% off,4.3,666094596.0,4.0,64.0,16.59,5000.0,Full HD,13.0
Micromax,1348,1413,4% off,3.8,4753422.0,,,7.11,1000.0,,1.0
REDMI,15796,17990,12% off,4.2,2001169.0,6.0,128.0,16.33,5000.0,,108.0
vivo,20999,25990,19% off,4.2,1356117.0,8.0,128.0,16.36,4050.0,Full HD,50.0
realme,10999,12999,15% off,4.5,460082202.0,4.0,64.0,16.51,5000.0,HD,50.0
OPPO,9490,13990,32% off,4.3,59025.0,3.0,32.0,16.56,4230.0,HD,13.0
REDMI,14490,14990,3% off,4.3,2082166.0,4.0,128.0,16.94,5020.0,,48.0
APPLE,88740,89900,1% off,4.6,77357.0,,256.0,15.49,,,12.0
realme,15999,16999,5% off,4.4,12121910633.0,4.0,128.0,16.26,5000.0,Full HD,64.0
realme,15999,16999,5% off,4.4,12121910633.0,4.0,128.0,16.26,5000.0,Full HD,64.0
Itel,1255,1299,3% off,4.1,31833.0,,,4.57,1900.0,,3.0
Xiaomi,24999,29999,16% off,4.2,370194586.0,6.0,128.0,16.94,5160.0,Full HD,108.0
MOTOROLA,7999,8995,11% off,3.7,27540.0,3.0,32.0,16.51,5000.0,HD,16.0
MTR,749,779,3% off,3.8,67155.0,,,4.57,800.0,,3.0
OPPO,9990,12990,23% off,4.3,2059115.0,3.0,32.0,16.56,4230.0,HD,13.0
Nokia,1707,1737,1% off,3.9,41622.0,,,4.5,800.0,,1.0
POCO,21999,25999,15% off,4.3,558405204.0,8.0,128.0,16.94,5160.0,Full HD,48.0
REDMI,17999,19999,10% off,4.3,412203868.0,6.0,128.0,16.94,5020.0,Full HD,64.0
REDMI,14889,16990,12% off,4.3,83065.0,6.0,128.0,16.94,5020.0,,48.0
realme,8999,9999,10% off,4.3,616553473.0,4.0,64.0,16.51,5000.0,,8.0
APPLE,55999,59900,6% off,4.6,18538112652.0,,64.0,15.49,,HD,12.0
REDMI,16499,20999,21% off,4.2,7106662.0,8.0,128.0,16.33,5000.0,Full HD,64.0
APPLE,52999,74900,29% off,4.5,1208539681.0,,256.0,13.72,,HD,12.0
SAMSUNG,16499,20990,21% off,4.1,24018.0,6.0,128.0,16.76,5000.0,Full HD,50.0
PHILIPS,1349,1399,3% off,3.6,23825.0,,,4.5,2000.0,,3.0
Infinix,17999,24999,28% off,4.2,95011467.0,8.0,128.0,17.22,5000.0,Full HD,48.0
SAMSUNG,18999,25999,26% off,4.1,5494548.0,8.0,128.0,16.76,5000.0,Full HD,64.0
APPLE,45999,48900,5% off,4.6,17395610293.0,,128.0,15.49,,HD,12.0
realme,9499,9999,5% off,4.6,893463073.0,3.0,32.0,16.51,5000.0,HD,13.0
REDMI,14990,15645,4% off,4.3,52036.0,4.0,128.0,16.94,5020.0,,48.0
realme,10499,10999,4% off,4.5,2532459546.0,4.0,64.0,16.51,5000.0,HD,13.0
realme,26999,29999,10% off,4.4,264573017.0,8.0,128.0,16.26,4500.0,Full HD,50.0
REDMI,11499,13999,17% off,4.3,24142217048.0,4.0,64.0,16.59,6000.0,Full HD,48.0
MOTOROLA,20999,25999,19% off,4.1,116481456.0,8.0,128.0,17.0,5000.0,Full HD,108.0
REDMI,10490,10990,4% off,4.1,625.0,6.0,128.0,16.59,5000.0,,13.0
realme,15999,17999,11% off,4.4,698044889.0,6.0,128.0,16.76,5000.0,Full HD,50.0
OPPO,21999,27999,21% off,4.3,1704144.0,8.0,128.0,16.33,4500.0,,64.0
GFive,999,1099,9% off,3.4,714.0,,,4.57,800.0,,3.0
REDMI,8499,10999,22% off,4.0,23120.0,3.0,32.0,16.56,5000.0,HD,8.0
POCO,14499,18999,23% off,4.3,122484.0,6.0,128.0,16.71,5000.0,Full HD,50.0
POCO,16499,17999,8% off,4.2,521114421.0,6.0,128.0,16.51,5000.0,Full HD,48.0
APPLE,88490,89900,1% off,4.5,27235.0,,128.0,17.02,,,12.0
realme,26999,29999,10% off,4.4,264573017.0,8.0,128.0,16.26,4500.0,Full HD,50.0
OPPO,17999,22999,21% off,4.5,639.0,8.0,128.0,16.66,5000.0,HD,50.0
LAVA,1875,1916,2% off,4.2,7727692.0,,,7.11,1750.0,,3.0
SAMSUNG,11499,13999,17% off,4.3,29679023488.0,4.0,128.0,16.55,6000.0,HD,48.0
Redmi,7430,8525,12% off,4.3,14426909.0,3.0,32.0,16.59,5000.0,HD,13.0
Itel,1025,1040,1% off,4.0,2733195.0,,,4.57,1000.0,,
IQOO,39990,43990,9% off,4.0,313.0,12.0,256.0,16.66,4350.0,,48.0
REDMI,11999,14999,20% off,4.3,1233399424.0,4.0,64.0,16.59,5020.0,Full HD,48.0
SAMSUNG,31999,38990,17% off,4.0,53762.0,6.0,128.0,16.51,5000.0,Full HD,64.0
Itel,5990,6690,10% off,4.1,23118.0,2.0,32.0,15.46,4000.0,HD,8.0
